<?xml version="1.0" encoding="UTF-8"?>
<project xmlns:xsi="http://www.w3.org/2001/XMLSchema-instance" uuid="a5b6a2e5-e9c0-432f-92b7-a02950a4e146" xsi:noNamespaceSchemaLocation="https://www.jetbrains.com/teamcity/schemas/2021.1/project-config.xsd">
  <name>CCBDA</name>
  <parameters>
    <param name="aws.ecr" value="809899697118.dkr.ecr.eu-west-1.amazonaws.com/ccbda" />
    <param name="container.image.name" value="" />
    <param name="container.name" value="" />
    <param name="tag" value="production" />
  </parameters>
  <project-extensions>
    <extension id="PROJECT_EXT_2" type="OAuthProvider">
      <parameters>
        <param name="aws.access.key.id" value="AKIA3ZEOIUPPANVVVXBS" />
        <param name="aws.credentials.type" value="aws.access.keys" />
        <param name="aws.region.name" value="eu-west-1" />
        <param name="displayName" value="Amazon ECR" />
        <param name="ecrType" value="ECRPrivate" />
        <param name="providerType" value="AmazonDocker" />
        <param name="registryId" value="809899697118" />
        <param name="secure:aws.secret.access.key" value="zxxcb970547f1dd44f708df62f2f05e00e95a59ce9d5d48cda3586df140cfbe0a74f448b9b366a2abfb775d03cbe80d301b" />
      </parameters>
    </extension>
  </project-extensions>
  <cleanup />
</project>

