<?xml version="1.0" encoding="UTF-8"?>
<vcs-root xmlns:xsi="http://www.w3.org/2001/XMLSchema-instance" uuid="34bf5558-273d-45e7-8a4a-2367896ed4a3" type="jetbrains.git" xsi:noNamespaceSchemaLocation="https://www.jetbrains.com/teamcity/schemas/2021.1/project-config.xsd">
  <name>git@github.com:albacg5/CCBDA-Project.git</name>
  <param name="agentCleanFilesPolicy" value="ALL_UNTRACKED" />
  <param name="agentCleanPolicy" value="ON_BRANCH_CHANGE" />
  <param name="authMethod" value="TEAMCITY_SSH_KEY" />
  <param name="branch" value="master" />
  <param name="ignoreKnownHosts" value="true" />
  <param name="submoduleCheckout" value="CHECKOUT" />
  <param name="teamcitySshKey" value="teamcity_key" />
  <param name="url" value="git@github.com:albacg5/CCBDA-Project.git" />
  <param name="useAlternates" value="AUTO" />
  <param name="usernameStyle" value="USERID" />
</vcs-root>

