<?xml version="1.0" encoding="UTF-8"?>
<build-type xmlns:xsi="http://www.w3.org/2001/XMLSchema-instance" uuid="a40de2b7-979c-4fa5-8c18-971939b0d27e" xsi:noNamespaceSchemaLocation="https://www.jetbrains.com/teamcity/schemas/2021.1/project-config.xsd">
  <name>App</name>
  <description />
  <settings>
    <parameters>
      <param name="aws.ecr" value="809899697118.dkr.ecr.eu-west-1.amazonaws.com" />
      <param name="conatiner.name" value="app" />
      <param name="container.image.name" value="app" />
    </parameters>
    <build-runners>
      <runner id="RUNNER_1" name="build" type="DockerCommand">
        <parameters>
          <param name="command.args" value="--pull" />
          <param name="docker.command.type" value="build" />
          <param name="docker.image.namesAndTags" value="%aws.ecr%/%container.image.name%:%tag%" />
          <param name="docker.push.remove.image" value="true" />
          <param name="dockerImage.platform" value="linux" />
          <param name="dockerfile.path" value="backend/Dockerfile" />
          <param name="dockerfile.source" value="PATH" />
          <param name="teamcity.step.mode" value="default" />
        </parameters>
      </runner>
      <runner id="RUNNER_3" name="push" type="DockerCommand">
        <parameters>
          <param name="docker.command.type" value="push" />
          <param name="docker.image.namesAndTags" value="%aws.ecr%/%container.image.name%:%tag%" />
          <param name="dockerfile.source" value="PATH" />
          <param name="teamcity.step.mode" value="default" />
        </parameters>
      </runner>
    </build-runners>
    <vcs-settings>
      <vcs-entry-ref root-id="Ccbda_GitGithubComAlbacg5ccbdaProjectGit" />
    </vcs-settings>
    <requirements />
    <build-triggers />
    <build-extensions>
      <extension id="DockerSupport" type="DockerSupport">
        <parameters>
          <param name="login2registry" value="PROJECT_EXT_2" />
          <param name="loginCheckbox" value="on" />
        </parameters>
      </extension>
    </build-extensions>
    <cleanup />
  </settings>
</build-type>

